Material_ID,Material_Name,Category,Density_kg_m3,Tensile_Strength_MPa,CO2_Emission_kg,Cost_per_kg,Biodegradable,CO2_Impact_Index,Cost_Efficiency_Index,Material_Suitability_Score,Category_Encoded
1,Recycled Palm Leaf,Eco,489,13.19,0.235,1.06,Yes,0.0155608528671699,0.6037735849056604,5.752463819611547,0
2,Waterproof Palm Leaf,Eco,561,15.29,0.449,1.47,Yes,0.0297311614355714,0.435374149659864,6.537692896467287,0
3,Single-Ply Kraft Paper,Paper,742,36.08,0.742,0.91,Yes,0.0491325652231492,0.7032967032967032,14.928249241422066,3
4,Single-Ply Aluminum Foil,Metal,2506,32.48,11.137,3.3,No,0.737451993113495,0.1939393939393939,13.12894622024777,2
5,Fire-Retardant Nylon Fabric,Plastic,1323,69.04,6.8,4.71,No,0.4502714872202357,0.1358811040339702,27.82168288504412,4
6,Commercial-Grade Recycled Denim,Eco,287,4.78,0.573,1.61,Yes,0.0379419944378228,0.3975155279503105,2.3198720600537466,0
7,Food-Grade Polycarbonate,Plastic,1142,61.84,3.615,4.0,No,0.2393722685736988,0.16,25.01218831942789,4
8,Lightweight PET Plastic,Plastic,1082,43.14,1.941,0.97,No,0.1285260230433055,0.6597938144329897,17.715380337416903,4
9,Single-Ply Borosilicate Glass,Glass,1957,40.95,0.965,2.34,No,0.0638988213481658,0.2735042735042735,16.742881635646835,1
10,Food-Grade Mushroom Mycelium,Eco,146,0.78,0.486,5.1,Yes,0.0321811680572109,0.1254901960784313,0.6399927084063661,0
11,Laminated PVC Film,Plastic,1469,55.48,3.339,2.59,No,0.2210965435041716,0.2471042471042471,22.499802311080025,4
12,Lightweight Plywood,Wood,515,31.71,0.535,2.23,Yes,0.0354257714210038,0.2869955156950672,13.05947092328222,5
13,Food-Grade Wax Paper,Paper,892,14.86,1.09,1.78,Yes,0.0721758707455966,0.3595505617977528,6.330212407315647,3
14,Double-Wall Cornstarch Foam,Eco,61,0.92,1.708,3.25,Yes,0.1130976029664945,0.1969230769230769,0.6931476421869748,0
15,Insulated PLA Bioplastic,Eco,627,36.4,2.184,4.53,Yes,0.144616607071911,0.141280353200883,14.858999123838691,0
16,UV-Stabilized Polyurethane Foam,Plastic,29,0.53,3.497,2.31,No,0.2315587339425241,0.277056277056277,0.5256492629341258,4
17,Laminated Plywood,Wood,716,48.08,0.781,3.51,Yes,0.0517150046351476,0.1823361823361823,19.57118635331031,5
18,Medical-Grade PLA Bioplastic,Eco,1191,69.14,2.074,8.07,Yes,0.1373328036021718,0.0793060718711276,27.93859198048069,0
19,Perforated Aluminum Foil,Metal,2471,36.6,12.2,4.47,No,0.8078400211892464,0.1431767337807606,14.740601013777454,2
20,Recycled Seaweed Film,Eco,1089,14.0,0.124,3.73,Yes,0.0082108330022513,0.1715817694369973,5.949011280930424,0
21,Industrial-Grade Plywood,Wood,684,45.92,0.631,2.63,Yes,0.0417825453582307,0.2433460076045627,18.728469038673904,5
22,Reinforced Polypropylene (PP),Plastic,1068,51.62,2.271,1.79,No,0.1503774334525228,0.3575418994413408,21.010149339796648,4
23,Woven Palm Leaf,Eco,534,18.95,0.428,1.52,Yes,0.028340617136803,0.4210526315789473,7.997813604332643,0
24,Commercial-Grade Cornstarch Foam,Eco,40,0.5,1.2,2.1,Yes,0.0794596742153357,0.3047619047619047,0.5675906691639707,0
25,Perforated Seaweed Film,Eco,963,12.23,0.204,4.49,Yes,0.013508144616607,0.1425389755011135,5.230709249265352,0
26,Insulated Acrylic Sheet,Plastic,606,43.1,4.31,4.11,No,0.2853926632234141,0.1557177615571776,17.501097529500132,4
27,Laminated Hemp Composite,Eco,1236,61.29,1.328,4.15,Yes,0.0879353727983048,0.1542168674698795,24.835884448401472,0
28,Perforated Hemp Composite,Eco,1029,41.56,1.039,3.31,Yes,0.0687988345914448,0.1933534743202417,16.96136639191864,0
29,Lightweight Hemp Composite,Eco,886,40.25,0.906,2.63,Yes,0.0599920540325784,0.2433460076045627,16.455006186071596,0
30,Food-Grade Aluminum Foil,Metal,2752,45.87,12.231,6.12,No,0.8098927294398093,0.1045751633986928,18.436404730187665,2
31,Food-Grade HDPE Container,Plastic,911,23.98,1.822,1.87,No,0.1206462720169514,0.3422459893048128,9.95847991518636,4
32,Food-Grade ABS Plastic,Plastic,991,38.12,2.954,2.86,No,0.1956032313600847,0.2237762237762238,15.55645189772484,4
33,UV-Stabilized Hemp Composite,Eco,1064,53.21,1.161,3.93,Yes,0.0768772348033373,0.1628498727735368,21.60979179139106,0
34,Standard Bubble Wrap (LDPE),Plastic,890,9.68,2.807,2.13,No,0.1858694212687061,0.3004694835680751,4.206380018689811,4
35,Waterproof Polyurethane Foam,Plastic,34,0.51,3.356,2.07,No,0.2222222222222222,0.3091787439613527,0.5300869565217392,4
36,Lightweight Kraft Paper,Paper,631,39.44,0.71,0.98,Yes,0.0470136405774069,0.653061224489796,16.25781427517372,3
37,Perforated ABS Plastic,Plastic,912,31.19,3.022,2.14,No,0.200105946232287,0.2990654205607476,12.80568784229854,4
38,Lightweight Jute Burlap,Eco,1059,24.43,0.458,1.1,Yes,0.0303271089921864,0.5818181818181818,10.237447321847798,0
39,Single-Ply Polycarbonate,Plastic,1042,43.9,3.3,2.16,No,0.2185141040921732,0.2962962962962963,17.883334657661237,4
40,Food-Grade Acrylic Sheet,Plastic,1222,72.5,3.625,3.88,No,0.2400344325254933,0.1649484536082474,29.277474206324825,4
41,Lightweight ABS Plastic,Plastic,829,31.9,2.781,1.79,No,0.1841477949940405,0.3575418994413408,13.11201823133419,4
42,Commercial-Grade Molded Pulp,Paper,293,1.95,0.683,1.02,Yes,0.0452257979075619,0.6274509803921569,1.2546675547453785,3
43,Industrial-Grade PVC Film,Plastic,1415,53.43,2.721,1.96,No,0.1801748112832737,0.326530612244898,21.71590674028849,4
44,Laminated Seaweed Film,Eco,1166,18.17,0.262,5.65,Yes,0.0173486955370149,0.1132743362831858,7.596777692223852,0
45,Industrial-Grade HDPE Container,Plastic,1052,30.21,2.105,1.44,No,0.1393855118527347,0.4444444444444445,12.475517679777514,4
46,Standard Recycled Denim,Eco,286,4.76,0.572,1.52,Yes,0.0378757780426433,0.4210526315789473,2.318953056060891,0
47,Standard Tin Plate,Metal,7547,192.29,7.692,1.73,No,0.5093365117203019,0.3699421965317919,77.17418170544344,2
48,Woven HDPE Container,Plastic,1016,31.59,2.032,1.64,No,0.1345517150046351,0.3902439024390244,13.01270765623032,4
49,Commercial-Grade Jute Burlap,Eco,1245,28.73,0.479,1.21,Yes,0.0317176532909548,0.5289256198347108,11.941162389963129,0
50,Double-Wall Polyurethane Foam,Plastic,46,0.92,4.306,2.79,No,0.2851277976426963,0.2293906810035842,0.6512788650082664,4
51,Perforated Cork Sheet,Wood,218,4.04,0.303,4.45,Yes,0.0200635677393722,0.1438202247191011,1.953126997093919,5
52,Recycled Plywood,Wood,640,35.44,0.354,2.21,Yes,0.023440603893524,0.2895927601809955,14.555845646886242,5
53,Medical-Grade Bubble Wrap (LDPE),Plastic,908,11.85,3.436,6.52,No,0.2275195338365779,0.0981595092024539,5.001191992609763,4
54,Single-Ply Teflon Coating,Plastic,2074,18.33,7.542,6.7,No,0.499404052443385,0.0955223880597015,7.510835500684895,4
55,Heavy-Duty Steel Strap,Metal,10304,569.05,2.439,1.71,No,0.1615017878426698,0.3742690058479532,227.9838301654016,2
56,Food-Grade Jute Burlap,Eco,1303,30.07,0.501,1.8,Yes,0.0331744139849026,0.3555555555555555,12.424714342471198,0
57,Heavy-Duty Hardboard,Wood,1214,43.59,0.872,2.62,Yes,0.0577406965964772,0.2442748091603053,17.791960233769153,5
58,Industrial-Grade Corrugated Cardboard,Paper,688,7.5,1.031,0.92,Yes,0.0682691034300092,0.6956521739130435,3.4882149211449103,3
59,Lightweight Corrugated Cardboard,Paper,498,4.98,0.84,0.75,Yes,0.055621771950735,0.8533333333333334,2.53131346841478,3
60,Waterproof Styrofoam (EPS),Plastic,28,0.4,3.651,1.81,No,0.2417560588001589,0.3535911602209944,0.4935505304262506,4
61,Anti-Static Polyurethane Foam,Plastic,30,0.49,3.254,2.35,No,0.2154681499139187,0.2723404255319149,0.5130616826853989,4
62,Medical-Grade Steel Strap,Metal,7562,465.34,2.327,3.49,No,0.1540855515825718,0.1833810888252149,186.4447886611728,2
63,Medical-Grade Glass Jar,Glass,2590,62.17,0.995,4.66,No,0.0658853132035491,0.1373390557939914,25.18943612277713,1
64,Waterproof Bagasse (Sugarcane),Eco,130,19.73,0.325,1.78,Yes,0.02152032843332,0.3595505617977528,8.29340907000933,0
65,Industrial-Grade Hemp Composite,Eco,1160,57.53,1.055,3.06,Yes,0.0698582969143159,0.2091503267973856,23.35378760896492,0
66,Recycled Bagasse (Sugarcane),Eco,118,17.68,0.177,1.33,Yes,0.011720301946762,0.4812030075187969,7.51284481167161,0
67,Fire-Retardant Polycarbonate,Plastic,1281,69.37,4.793,4.08,No,0.3173751820950867,0.1568627450980392,27.99984626890089,4
68,Single-Ply Pine Wood Crate,Wood,467,25.43,0.467,1.66,Yes,0.0309230565488014,0.3855421686746988,10.57838573363777,5
69,Anti-Static Bubble Wrap (LDPE),Plastic,912,9.91,3.162,3.05,No,0.2093762415574096,0.2098360655737705,4.264137947204908,4
70,Commercial-Grade Plywood,Wood,673,41.44,0.622,2.72,Yes,0.0411865978016156,0.2352941176470588,16.934232255953635,5
71,Reinforced PET Plastic,Plastic,1584,78.93,2.315,1.37,No,0.1532909548404185,0.4671532846715328,31.966158698949336,4
72,Insulated Steel Strap,Metal,4084,251.3,2.513,2.01,No,0.1664018010859488,0.318407960199005,100.86560184773391,2
73,Heavy-Duty PVC Film,Plastic,1693,63.11,3.005,2.52,No,0.1989802675142365,0.2539682539682539,25.560496395936205,4
74,Anti-Static PET Plastic,Plastic,1415,56.41,2.482,1.58,No,0.164349092835386,0.4050632911392405,22.936214259491155,4
75,Anti-Static Tin Plate,Metal,8207,209.1,9.201,2.63,No,0.6092570520460866,0.2433460076045627,83.83022668666754,2
76,Waterproof Tissue Paper,Paper,281,1.02,0.899,1.84,Yes,0.0595285392663223,0.3478260869565217,0.7944892643070598,3
77,Waterproof Cork Sheet,Wood,271,5.14,0.339,4.93,Yes,0.0224473579658323,0.1298174442190669,2.3882110258759703,5
78,UV-Stabilized Kraft Paper,Paper,801,55.06,0.961,1.54,Yes,0.063633955767448,0.4155844155844155,22.42958513794509,3
79,Medical-Grade Borosilicate Glass,Glass,2190,70.72,1.297,8.84,No,0.085882664547742,0.0723981900452488,28.58395465764925,1
80,Laminated PET Plastic,Plastic,1444,62.8,2.721,1.47,No,0.1801748112832737,0.435374149659864,25.49655980151298,4
81,Lightweight Polypropylene (PP),Plastic,729,28.19,1.903,1.27,No,0.1260098000264865,0.5039370078740157,11.68937816235426,4
82,Woven Hardboard,Wood,942,37.12,0.733,2.23,Yes,0.0485366176665342,0.2869955156950672,15.21953766940856,5
83,UV-Stabilized Bamboo Sheet,Wood,723,51.12,0.744,3.04,Yes,0.0492649980135081,0.2105263157894736,20.79637839533279,5
84,Perforated Wax Paper,Paper,824,12.21,1.12,1.34,Yes,0.07416236260098,0.4776119402985074,5.305034873309259,3
85,Reinforced Polycarbonate,Plastic,1475,99.84,4.28,3.73,No,0.2834061713680307,0.1715817694369973,40.2024526794207,4
86,Medical-Grade Corrugated Cardboard,Paper,603,7.24,1.086,2.41,Yes,0.0719110051648788,0.2655601659751037,3.254094748243068,3
87,Waterproof Pine Wood Crate,Wood,542,34.46,0.542,2.36,Yes,0.0358892861872599,0.2711864406779661,14.154589146347211,5
88,Double-Wall PVC Film,Plastic,2034,84.51,3.652,3.0,No,0.2418222751953383,0.2133333333333333,34.095453317441404,4
89,Lightweight Seaweed Film,Eco,819,11.7,0.175,3.51,Yes,0.0115878691564031,0.1823361823361823,5.031224493953934,0
90,Perforated Corrugated Cardboard,Paper,565,5.02,0.942,0.92,Yes,0.0623758442590385,0.6956521739130435,2.4979828988962014,3
91,Lightweight Molded Pulp,Paper,242,1.61,0.636,0.91,Yes,0.0421136273341279,0.7032967032967032,1.1423549227887726,3
92,Medical-Grade Bagasse (Sugarcane),Eco,118,23.66,0.355,4.44,Yes,0.0235068202887034,0.1441441441441441,9.800191197156632,0
93,Fire-Retardant Mushroom Mycelium,Eco,171,0.91,0.672,5.43,Yes,0.044497417560588,0.1178637200736648,0.6860098907539232,0
94,Reinforced Sheep Wool,Eco,1506,14.48,0.531,4.01,Yes,0.035160905840286,0.1596009975062344,6.129332027499785,0
95,Laminated HDPE Container,Plastic,1002,28.75,2.367,1.74,No,0.1567342073897497,0.367816091954023,11.863324565369282,4
96,Waterproof Nylon Fabric,Plastic,1328,62.97,5.772,3.78,No,0.3822010329757648,0.1693121693121693,25.424133340900923,4
97,Standard Teflon Coating,Plastic,2169,24.65,7.889,7.89,No,0.5223811415706529,0.0811153358681875,10.02762025828926,4
98,Laminated PLA Bioplastic,Eco,1408,74.31,2.415,4.05,Yes,0.1599125943583631,0.1580246913580247,30.023433629099905,0
99,Single-Ply Corrugated Cardboard,Paper,539,4.19,0.808,0.64,Yes,0.0535028473049927,1.0,2.2599491458085024,3
100,Woven Recycled Denim,Eco,346,6.82,0.692,2.18,Yes,0.0458217454641769,0.2935779816513761,3.10232687085616,0
101,Commercial-Grade Mushroom Mycelium,Eco,149,0.8,0.497,3.65,Yes,0.0329095484041848,0.1753424657534246,0.662729875204772,0
102,Lightweight Recycled Denim,Eco,243,4.04,0.546,1.46,Yes,0.0361541517679777,0.4383561643835617,2.036660603784675,0
103,Woven Aluminum Foil,Metal,3009,59.27,13.374,5.27,No,0.8855780691299165,0.1214421252371916,23.778759216832185,2
104,Waterproof Seaweed Film,Eco,1167,15.15,0.222,4.85,Yes,0.0147000397298371,0.1319587628865979,6.395177616947029,0
105,Woven Styrofoam (EPS),Plastic,27,0.52,3.6,1.93,No,0.2383790226460071,0.3316062176165803,0.535968158491172,4
106,Double-Wall HDPE Container,Plastic,1482,46.81,2.767,2.16,No,0.1832207654615282,0.2962962962962963,19.05792265925043,4
107,Medical-Grade Hardboard,Wood,925,36.99,0.863,5.55,Yes,0.0571447490398622,0.1153153153153153,15.113451169882635,5
108,Insulated Cotton Canvas,Eco,725,23.19,1.74,3.4,Yes,0.1152165276122367,0.188235294117647,9.597905629951624,0
109,Heavy-Duty Mushroom Mycelium,Eco,188,1.08,0.579,4.73,Yes,0.0383392928088994,0.135306553911205,0.7610901783306917,0
110,Reinforced Tin Plate,Metal,9193,292.78,8.588,2.28,No,0.5686664018010859,0.2807017543859649,117.32561060577544,2
111,Commercial-Grade HDPE Container,Plastic,915,24.08,1.83,1.31,No,0.1211760031783869,0.4885496183206106,10.042212084542664,4
112,Standard Bamboo Sheet,Wood,703,45.21,0.603,2.11,Yes,0.0399284862932061,0.3033175355450237,18.463016714775545,5
113,Lightweight Wax Paper,Paper,731,12.19,1.005,1.1,Yes,0.0665474771553436,0.5818181818181818,5.330581211398852,3
114,Woven Corrugated Cardboard,Paper,653,7.71,0.979,1.03,Yes,0.064825850880678,0.6213592233009708,3.550960011726088,3
115,Standard Kraft Paper,Paper,826,51.65,0.826,1.14,Yes,0.0546947424182227,0.5614035087719299,21.11201262990611,3
116,Fire-Retardant PLA Bioplastic,Eco,1354,65.5,2.322,4.17,Yes,0.1537544696066746,0.1534772182254196,26.499916824585625,0
117,Lightweight Tissue Paper,Paper,199,0.8,0.718,1.35,Yes,0.0475433717388425,0.474074074074074,0.7479592107005695,3
118,Industrial-Grade Wax Paper,Paper,973,17.68,1.189,1.3,Yes,0.0787312938683618,0.4923076923076923,7.496072919531799,3
119,Perforated Polypropylene (PP),Plastic,826,28.4,2.13,1.56,No,0.1410409217322208,0.4102564102564102,11.740764646557256,4
120,Insulated Jute Burlap,Eco,627,17.36,0.579,1.85,Yes,0.0383392928088994,0.3459459459459459,7.336281995941114,0
121,Commercial-Grade ABS Plastic,Plastic,1045,40.2,3.115,2.11,No,0.2062640709839756,0.3033175355450237,16.409116039368318,4
122,Laminated Bamboo Sheet,Wood,803,56.31,0.813,3.07,Yes,0.0538339292808899,0.2084690553745928,22.87039053782811,5
123,Lightweight Bagasse (Sugarcane),Eco,94,15.72,0.265,1.33,Yes,0.0175473447225533,0.4812030075187969,6.727096698838873,0
124,Medical-Grade Tin Plate,Metal,7722,236.1,9.444,5.31,No,0.6253476360746921,0.1205273069679849,94.588553901268,2
125,Fire-Retardant Recycled Denim,Eco,325,5.41,0.768,2.36,Yes,0.0508541914978148,0.2711864406779661,2.5300996747540454,0
126,Commercial-Grade Pine Wood Crate,Wood,509,35.62,0.509,2.14,Yes,0.0337041451463382,0.2990654205607476,14.627608382624322,5
127,Recycled Hemp Composite,Eco,1138,46.55,0.621,2.7,Yes,0.0411203814064362,0.237037037037037,18.978774996689182,0
128,Reinforced HDPE Container,Plastic,1130,37.16,2.071,1.67,No,0.1371341544166335,0.3832335329341317,15.237829813555248,4
129,Standard Jute Burlap,Eco,1301,30.02,0.5,1.2,Yes,0.0331081975897232,0.5333333333333333,12.458067540723084,0
130,Laminated Aluminum Foil,Metal,2838,51.6,14.907,5.35,No,0.987087802940008,0.119626168224299,20.679761509585287,2
131,Double-Wall Styrofoam (EPS),Plastic,36,0.69,4.446,2.31,No,0.2943980929678188,0.277056277056277,0.5707974552265374,4
132,Double-Wall Wax Paper,Paper,1407,28.13,1.605,2.0,Yes,0.1062773142630115,0.32,11.616116805721097,3
133,Waterproof Balsa Wood,Wood,184,10.46,0.46,4.39,Yes,0.0304595417825453,0.1457858769931663,4.518597900563186,5
134,Standard Polyurethane Foam,Plastic,29,0.48,2.902,1.64,No,0.1921599788107535,0.3902439024390244,0.5514251770884813,4
135,Heavy-Duty Sheep Wool,Eco,1676,13.88,0.595,4.44,Yes,0.0393987551317706,0.1441441441441441,5.883423616703712,0
136,Reinforced Acrylic Sheet,Plastic,1448,107.38,3.937,3.32,No,0.2606939478214806,0.1927710843373494,43.23162314095475,4
137,Heavy-Duty Seaweed Film,Eco,1420,21.84,0.25,5.82,Yes,0.0165540987948616,0.1099656357388316,9.064023461083192,0
138,Heavy-Duty Cotton Canvas,Eco,1863,53.49,1.719,2.94,Yes,0.1138259833134684,0.217687074829932,21.72715832745494,0
139,Lightweight Aluminum Foil,Metal,2144,35.73,10.718,3.57,No,0.7097073235333068,0.1792717086834734,14.43286931554505,2
140,Single-Ply Tin Plate,Metal,6972,138.16,7.105,1.42,No,0.4704674877499669,0.4507042253521127,55.55807102128065,2
141,Medical-Grade Kraft Paper,Paper,831,62.31,0.997,3.43,Yes,0.066017745993908,0.1865889212827988,25.26017135258667,3
142,UV-Stabilized Cornstarch Foam,Eco,42,0.57,1.498,2.91,Yes,0.0991921599788107,0.2199312714776632,0.5642217334496558,0
143,Insulated Recycled Denim,Eco,149,2.98,0.714,2.54,Yes,0.0472785061581247,0.2519685039370078,1.553406999333665,0
144,Woven Hemp Composite,Eco,1192,64.03,1.084,3.71,Yes,0.0717785723745199,0.1725067385444744,25.942218449850987,0
145,Reinforced Seaweed Film,Eco,1264,22.56,0.221,5.21,Yes,0.0146338233346576,0.1228406909788867,9.356462060293268,0
146,UV-Stabilized PVC Film,Plastic,1289,49.07,2.974,2.5,No,0.1969275592636737,0.256,19.945721732220896,4
147,UV-Stabilized PET Plastic,Plastic,1443,63.27,2.761,1.61,No,0.1828234670904516,0.3975155279503105,25.67240761825796,4
148,Laminated Teflon Coating,Plastic,2467,30.58,10.602,11.42,No,0.7020262216924911,0.0560420315236427,12.338204742949344,4
149,Industrial-Grade Polyurethane Foam,Plastic,32,0.58,3.182,1.8,No,0.2107005694609985,0.3555555555555555,0.5754564958283671,4
150,Insulated Sheep Wool,Eco,634,5.85,0.585,4.99,Yes,0.0387365911799761,0.1282565130260521,2.6668559765538227,0
151,Waterproof Plywood,Wood,727,40.68,0.671,3.05,Yes,0.0444312011654085,0.2098360655737705,16.621621459322512,5
152,Heavy-Duty Teflon Coating,Plastic,2924,35.78,9.815,11.45,No,0.6499139186862667,0.0558951965065502,14.433794383346086,4
153,Woven Bagasse (Sugarcane),Eco,136,26.82,0.34,2.01,Yes,0.0225135743610117,0.318407960199005,11.1167683157514,0
154,Single-Ply Hardboard,Wood,784,20.33,0.61,1.39,Yes,0.0403920010594623,0.460431654676259,8.558011896085038,5
155,Heavy-Duty Hemp Composite,Eco,1443,70.61,1.211,4.1,Yes,0.0801880545623096,0.1560975609756097,28.56677285192399,0
156,Lightweight PVC Film,Plastic,1070,37.03,2.314,1.67,No,0.153224738445239,0.3832335329341317,15.18100263834667,4
157,Heavy-Duty Palm Leaf,Eco,618,19.98,0.457,1.6,Yes,0.030260892597007,0.3999999999999999,8.402921732220898,0
158,Double-Wall Polycarbonate,Plastic,1741,113.19,5.147,4.33,No,0.3408157859886108,0.1478060046189376,45.5180970655891,4
159,Insulated Molded Pulp,Paper,152,1.22,0.853,1.62,Yes,0.0564825850880678,0.3950617283950617,0.8895737429920981,3
160,Lightweight HDPE Container,Plastic,732,19.26,1.646,1.13,No,0.1089921864653688,0.5663716814159293,8.141213848485169,4
161,Fire-Retardant Bubble Wrap (LDPE),Plastic,1030,11.19,3.835,3.36,No,0.253939875513177,0.1904761904761905,4.756960894488904,4
162,Heavy-Duty Styrofoam (EPS),Plastic,33,0.58,4.07,2.16,No,0.269500728380347,0.2962962962962963,0.5400386703747848,4
163,Reinforced Plywood,Wood,751,57.76,0.635,3.13,Yes,0.0420474109389484,0.2044728434504792,23.45272762975346,5
164,Double-Wall Molded Pulp,Paper,452,3.61,0.984,1.61,Yes,0.0651569328565752,0.3975155279503105,1.8437075785281205,3
165,UV-Stabilized Aluminum Foil,Metal,2832,51.91,15.102,5.87,No,1.0,0.1090289608177172,20.796708688245317,2
166,Insulated Bubble Wrap (LDPE),Plastic,472,6.16,3.57,3.61,No,0.2363925307906237,0.1772853185595568,2.7462678363306803,4
167,Waterproof Polycarbonate,Plastic,1254,61.76,3.972,3.19,No,0.2630115216527612,0.2006269592476489,24.985284631278468,4
168,Fire-Retardant Tin Plate,Metal,9049,230.54,10.898,2.83,No,0.7216262746656071,0.2261484098939929,92.36735664056852,2
169,Fire-Retardant Hardboard,Wood,952,31.72,0.875,2.6,Yes,0.0579393457820156,0.2461538461538461,13.04446435011155,5
170,Waterproof Tin Plate,Metal,8682,201.08,8.847,2.17,No,0.5858164481525625,0.2949308755760368,80.64473432822706,2
171,Single-Ply HDPE Container,Plastic,865,17.71,1.73,1.05,No,0.1145543636604423,0.6095238095238095,7.53249083375901,4
172,UV-Stabilized Plywood,Wood,670,45.37,0.742,3.61,Yes,0.0491325652231492,0.1772853185595568,18.486445826000924,5
173,Commercial-Grade PVC Film,Plastic,1255,43.45,2.414,1.83,No,0.1598463779631836,0.3497267759562841,17.736964119397932,4
174,Waterproof Jute Burlap,Eco,1458,30.59,0.561,1.47,Yes,0.0371473976956694,0.435374149659864,12.65546802558926,0
175,UV-Stabilized Jute Burlap,Eco,1283,32.58,0.592,1.66,Yes,0.0392001059462322,0.3855421686746988,13.43590261881854,0
176,Double-Wall Corrugated Cardboard,Paper,924,11.09,1.294,1.31,Yes,0.0856840153622036,0.4885496183206106,4.8568596808875215,3
177,Laminated Cotton Canvas,Eco,1672,48.64,1.976,3.12,Yes,0.1308435968745861,0.2051282051282051,19.77828538247609,0
178,Commercial-Grade Bubble Wrap (LDPE),Plastic,889,9.67,2.803,2.23,No,0.1856045556879883,0.2869955156950672,4.198417288002124,4
179,Recycled Sheep Wool,Eco,1249,8.65,0.288,2.77,Yes,0.0190703218116805,0.2310469314079422,3.823592982878879,0
180,Recycled Steel Strap,Metal,7882,363.79,1.213,1.09,No,0.0803204873526685,0.5871559633027522,145.96805064278504,2
181,Waterproof Bubble Wrap (LDPE),Plastic,1061,10.48,3.343,2.77,No,0.2213614090848894,0.2310469314079422,4.4949056566969166,4
182,UV-Stabilized Teflon Coating,Plastic,2168,27.1,9.462,11.04,No,0.626539531187922,0.0579710144927536,10.969429444991452,4
183,Food-Grade Sheep Wool,Eco,1304,10.03,0.501,4.81,Yes,0.0331744139849026,0.133056133056133,4.341964515721369,0
184,Woven Sheep Wool,Eco,1447,13.16,0.557,4.21,Yes,0.0368825321149516,0.1520190023752969,5.598540941078104,0
185,Recycled Borosilicate Glass,Glass,2209,53.5,0.654,2.68,No,0.0433055224473579,0.2388059701492537,21.75865013431057,1
186,Fire-Retardant PVC Film,Plastic,1499,51.89,3.407,2.83,No,0.2255992583763739,0.2261484098939929,21.056164745455284,4
187,Heavy-Duty Cornstarch Foam,Eco,52,0.7,1.448,2.81,Yes,0.0958813402198384,0.2277580071174377,0.6195630000692798,0
188,Fire-Retardant Kraft Paper,Paper,894,55.86,1.056,1.68,Yes,0.0699245133094954,0.380952380952381,22.737308360292868,3
189,Industrial-Grade Polypropylene (PP),Plastic,980,41.36,2.275,1.52,No,0.1506422990332406,0.4210526315789473,16.92512309976371,4
190,Food-Grade Bamboo Sheet,Wood,698,44.87,0.598,3.14,Yes,0.0395974043173089,0.2038216560509554,18.297267275520092,5
191,UV-Stabilized Tissue Paper,Paper,245,1.08,0.942,2.06,Yes,0.0623758442590385,0.3106796116504854,0.8064911302174341,3
192,UV-Stabilized Steel Strap,Metal,7715,435.23,2.374,1.66,No,0.1571977221560058,0.3855421686746988,174.4605033339556,2
193,Woven PVC Film,Plastic,1373,56.16,2.64,2.25,No,0.1748112832737385,0.2844444444444444,22.79688994835121,4
194,Perforated Hardboard,Wood,812,24.07,0.702,1.99,Yes,0.0464839094159713,0.321608040201005,10.01053723923551,5
195,Fire-Retardant Cork Sheet,Wood,270,5.62,0.398,6.13,Yes,0.0263541252814196,0.1044045676998368,2.571415132725525,5
196,Waterproof Cornstarch Foam,Eco,45,0.51,1.357,2.47,Yes,0.0898556482585088,0.2591093117408907,0.5547760990447146,0
197,Commercial-Grade PLA Bioplastic,Eco,1228,59.4,1.782,2.91,Yes,0.1179976162097735,0.2199312714776632,24.090580096580368,0
198,Industrial-Grade Pine Wood Crate,Wood,567,43.32,0.567,2.27,Yes,0.0375446960667461,0.2819383259911894,17.70131808897733,5
199,Food-Grade Polyurethane Foam,Plastic,31,0.52,3.137,2.67,No,0.2077208316779234,0.2397003745318352,0.5175938628561735,4
200,Anti-Static Pine Wood Crate,Wood,509,35.65,0.56,2.85,Yes,0.03708118130049,0.2245614035087719,14.616244066662484,5
201,Single-Ply Bagasse (Sugarcane),Eco,108,13.95,0.269,1.2,Yes,0.017812210303271,0.5333333333333333,6.034656336909019,0
202,Industrial-Grade Mushroom Mycelium,Eco,167,0.97,0.555,3.89,Yes,0.0367500993245927,0.1645244215938303,0.7263322966807713,0
203,Waterproof Aluminum Foil,Metal,2832,42.9,12.585,4.58,No,0.8333333333333334,0.1397379912663755,17.251921397379913,2
204,Anti-Static Balsa Wood,Wood,157,9.8,0.431,4.8,Yes,0.0285392663223414,0.1333333333333333,4.251438220103298,5
205,Industrial-Grade Aluminum Foil,Metal,2977,54.13,13.232,4.41,No,0.8761753410144351,0.1451247165532879,21.732684812661656,2
206,Heavy-Duty Nylon Fabric,Plastic,1562,87.76,6.269,4.39,No,0.4151105813799496,0.1457858769931663,35.32320258868397,4
207,Reinforced Balsa Wood,Wood,183,14.27,0.418,4.33,Yes,0.0276784531850086,0.1478060046189376,6.044038265430179,5
208,Medical-Grade Teflon Coating,Plastic,2150,29.32,9.383,23.46,No,0.6213084359687457,0.0272804774083546,11.849791612431885,4
209,Laminated Styrofoam (EPS),Plastic,28,0.49,4.382,2.14,No,0.2901602436763342,0.2990654205607476,0.498671553065324,4
210,Laminated Cork Sheet,Wood,256,5.81,0.378,5.43,Yes,0.0250297973778307,0.1178637200736648,2.6518501768087503,5
211,Perforated Acrylic Sheet,Plastic,1060,55.91,3.494,2.75,No,0.2313600847569858,0.2327272727272727,22.664410156391085,4
212,Industrial-Grade PET Plastic,Plastic,1592,69.23,2.539,1.27,No,0.1681234273606145,0.5039370078740157,28.092744074154023,4
213,Insulated Cork Sheet,Wood,115,2.87,0.345,6.13,Yes,0.022844656336909,0.1044045676998368,1.4724679734088784,5
214,Medical-Grade Seaweed Film,Eco,1089,18.66,0.249,12.44,Yes,0.0164878823996821,0.0514469453376205,7.774487718881382,0
215,Heavy-Duty Acrylic Sheet,Plastic,1589,101.54,4.352,3.63,No,0.2881737518209509,0.1763085399449036,40.88244043643719,4
216,Perforated Recycled Denim,Eco,258,3.82,0.573,1.68,Yes,0.0379419944378228,0.380952380952381,1.9309031159543677,0
217,Fire-Retardant Styrofoam (EPS),Plastic,27,0.43,4.211,2.21,No,0.2788372401006489,0.2895927601809955,0.4752266560241039,4
218,Heavy-Duty Bubble Wrap (LDPE),Plastic,1225,14.34,3.565,3.15,No,0.2360614488147265,0.2031746031746031,6.026133946307964,4
219,Waterproof Borosilicate Glass,Glass,2532,61.93,1.249,3.72,No,0.0827042775791286,0.1720430107526881,25.09880161995207,1
220,Laminated Nylon Fabric,Plastic,1316,74.88,6.76,4.37,No,0.4476228314130578,0.1464530892448512,30.161649077349534,4
221,Standard Cotton Canvas,Eco,1469,39.16,1.469,2.15,Yes,0.0972718845186068,0.2976744186046511,16.024120760225813,0
222,Medical-Grade Aluminum Foil,Metal,2830,56.61,15.096,12.58,No,0.9996027016289232,0.0508744038155802,22.659381510656,2
223,Recycled Balsa Wood,Wood,156,8.76,0.234,3.06,Yes,0.0154946364719904,0.2091503267973856,3.862096707097619,5
224,Heavy-Duty ABS Plastic,Plastic,1302,53.92,3.582,2.7,No,0.2371871275327771,0.237037037037037,21.86795497285128,4
225,Industrial-Grade Seaweed Film,Eco,1126,17.55,0.215,4.29,Yes,0.0142365249635809,0.1491841491841491,7.360484287266171,0
226,Laminated Bubble Wrap (LDPE),Plastic,1003,11.89,3.736,3.05,No,0.2473844523904118,0.2098360655737705,5.044735483955008,4
227,Single-Ply Wax Paper,Paper,786,10.18,0.96,0.93,Yes,0.0635677393722685,0.6881720430107526,4.559381291091545,3
228,Laminated Molded Pulp,Paper,319,2.32,0.88,1.35,Yes,0.0582704277579128,0.474074074074074,1.3527410938948483,3
229,Food-Grade PLA Bioplastic,Eco,1196,57.88,1.736,4.05,Yes,0.114951662031519,0.1580246913580247,23.464921908797955,0
230,Food-Grade Polypropylene (PP),Plastic,933,36.07,2.164,2.16,No,0.143292279168322,0.2962962962962963,14.773901205138392,4
231,Single-Ply Plywood,Wood,602,28.83,0.556,2.06,Yes,0.0368163157197722,0.3106796116504854,11.914158988779215,5
232,Anti-Static Sheep Wool,Eco,1360,10.46,0.575,4.69,Yes,0.0380744272281817,0.1364605543710021,4.513515838142846,0
233,Double-Wall Palm Leaf,Eco,721,25.95,0.538,1.85,Yes,0.0356244206065421,0.3459459459459459,10.773096457601822,0
234,Industrial-Grade Bamboo Sheet,Wood,786,55.11,0.674,2.36,Yes,0.0446298503509468,0.2711864406779661,22.411966977098107,5
235,Industrial-Grade Sheep Wool,Eco,1459,12.25,0.561,3.59,Yes,0.0371473976956694,0.1782729805013927,5.242337674841718,0
236,Insulated Polypropylene (PP),Plastic,465,21.58,2.59,2.3,No,0.1715004635147662,0.2782608695652174,8.964028121815135,4
237,Reinforced Jute Burlap,Eco,1589,45.83,0.56,1.59,Yes,0.03708118130049,0.4025157232704402,18.741630362590985,0
238,Lightweight Styrofoam (EPS),Plastic,19,0.31,2.859,1.3,No,0.1893126738180373,0.4923076923076923,0.5148985055468964,4
239,Double-Wall Steel Strap,Metal,11721,721.29,2.805,1.92,No,0.1857369884783472,0.3333333333333333,288.86027890345656,2
240,Food-Grade Corrugated Cardboard,Paper,579,5.79,0.869,1.16,Yes,0.0575420474109389,0.5517241379310346,2.7642546271560287,3
241,Woven Polypropylene (PP),Plastic,1007,46.01,2.336,1.84,No,0.1546814991391868,0.3478260869565217,18.7619433763452,4
242,Fire-Retardant Bamboo Sheet,Wood,770,49.53,0.78,3.15,Yes,0.0516487882399682,0.2031746031746031,20.15745774448039,5
243,Waterproof PLA Bioplastic,Eco,1331,58.56,1.932,3.28,Yes,0.1279300754866905,0.1951219512195122,23.74415756271985,0
244,Recycled Polyurethane Foam,Plastic,30,0.45,1.786,1.52,No,0.1182624817904913,0.4210526315789473,0.5708370449365368,4
245,Standard Glass Jar,Glass,2449,48.99,0.784,1.47,No,0.051913653820686,0.435374149659864,20.01103814875176,1
246,UV-Stabilized Tin Plate,Metal,8236,230.81,10.072,2.64,No,0.6669315322473843,0.2424242424242424,92.49664781305307,2
247,Insulated Palm Leaf,Eco,239,8.61,0.459,1.84,Yes,0.0303933253873659,0.3478260869565217,3.8392298284707462,0
248,Standard Corrugated Cardboard,Paper,591,5.91,0.886,0.79,Yes,0.0586677261289895,0.810126582278481,2.889437656844848,3
249,Recycled Bubble Wrap (LDPE),Plastic,928,9.08,1.756,2.0,No,0.1162759899351079,0.32,3.993117203019468,4
250,Insulated Aluminum Foil,Metal,1343,26.86,14.326,6.37,No,0.9486160773407496,0.1004709576138147,10.78955646408192,2
251,Perforated Cornstarch Foam,Eco,36,0.4,1.206,2.21,Yes,0.0798569725864123,0.2895927601809955,0.522920736278375,0
252,Heavy-Duty Recycled Denim,Eco,374,6.71,0.69,2.15,Yes,0.045689312673818,0.2976744186046511,3.05959553177925,0
253,Lightweight Mushroom Mycelium,Eco,124,0.66,0.465,3.26,Yes,0.0307906237584425,0.1963190184049079,0.6136585183939396,0
254,Anti-Static Polypropylene (PP),Plastic,925,35.77,2.361,2.0,No,0.156336909018673,0.32,14.6570989272944,4
255,Commercial-Grade Seaweed Film,Eco,1057,15.1,0.201,4.23,Yes,0.0133094954310687,0.1513002364066193,6.381397222292665,0
256,Single-Ply Nylon Fabric,Plastic,1082,43.91,4.705,2.51,No,0.3115481393192955,0.2549800796812749,17.847029582108593,4
257,Food-Grade Bubble Wrap (LDPE),Plastic,888,9.65,2.798,3.18,No,0.1852734737120911,0.2012578616352201,4.164795316376939,4
258,Reinforced Nylon Fabric,Plastic,1447,94.35,5.766,4.09,No,0.3818037346046881,0.1564792176039119,37.972402644899766,4
259,Anti-Static Wax Paper,Paper,883,14.72,1.188,1.65,Yes,0.0786650774731823,0.3878787878787879,6.280764113121682,3
260,Fire-Retardant Polypropylene (PP),Plastic,993,38.42,2.724,2.1,No,0.180373460468812,0.3047619047619047,15.70531653328793,4
261,Anti-Static Bagasse (Sugarcane),Eco,119,19.87,0.328,2.09,Yes,0.0217189776188584,0.3062200956937799,8.333350335422477,0
262,Industrial-Grade PLA Bioplastic,Eco,1385,73.08,2.01,3.13,Yes,0.1330949543106873,0.2044728434504792,29.55341336674194,0
263,Insulated Styrofoam (EPS),Plastic,13,0.25,4.103,2.49,No,0.2716858694212687,0.2570281124497992,0.3956026729085591,4
264,Heavy-Duty Bagasse (Sugarcane),Eco,156,27.97,0.36,2.1,Yes,0.0238379022646007,0.3047619047619047,11.572277200749191,0
265,Double-Wall Glass Jar,Glass,3716,89.19,1.11,2.38,No,0.0735001986491855,0.2689075630252101,36.03462220931281,1
266,Reinforced Recycled Denim,Eco,364,7.59,0.668,2.1,Yes,0.0442325519798702,0.3047619047619047,3.41415880583461,0
267,Single-Ply Palm Leaf,Eco,453,10.56,0.362,0.97,Yes,0.0239703350549596,0.6597938144329897,4.71474704381341,0
268,Standard Steel Strap,Metal,7967,408.56,2.043,1.23,No,0.135280095351609,0.5203252032520326,163.83951353237012,2
269,Single-Ply Balsa Wood,Wood,139,6.76,0.348,2.7,Yes,0.0230433055224473,0.237037037037037,3.0681981194543773,5
270,Woven Molded Pulp,Paper,319,2.51,0.744,1.26,Yes,0.0492649980135081,0.5079365079365079,1.4416014529769,3
271,Insulated Tin Plate,Metal,3761,114.99,9.199,2.76,No,0.6091246192557277,0.2318840579710145,46.18282783161459,2
272,Reinforced Cornstarch Foam,Eco,49,0.76,1.341,2.64,Yes,0.0887961859356376,0.2424242424242424,0.6500884169465815,0
273,UV-Stabilized PLA Bioplastic,Eco,1179,62.75,2.054,3.73,Yes,0.1360084756985829,0.1715817694369973,25.41067198812153,0
274,UV-Stabilized Mushroom Mycelium,Eco,154,0.9,0.617,5.04,Yes,0.0408555158257184,0.1269841269841269,0.6858385833475226,0
275,Food-Grade Pine Wood Crate,Wood,521,36.48,0.521,3.13,Yes,0.0344987418884915,0.2044728434504792,14.942992230468596,5
276,Commercial-Grade Cotton Canvas,Eco,1466,39.09,1.466,2.26,Yes,0.0970732353330684,0.2831858407079646,15.99183378161247,0
277,Anti-Static Seaweed Film,Eco,1005,14.35,0.211,5.36,Yes,0.0139716593828631,0.1194029850746268,6.071629397707529,0
278,Insulated Bamboo Sheet,Wood,351,27.07,0.722,3.37,Yes,0.0478082373195603,0.1899109792284866,11.17063082257268,5
279,Double-Wall Acrylic Sheet,Plastic,1843,131.21,5.103,4.17,No,0.3379022646007151,0.1534772182254196,52.72867248608742,4
280,Waterproof HDPE Container,Plastic,1050,25.13,2.101,1.57,No,0.1391206462720169,0.4076433121019108,10.432556799748967,4
281,Insulated Bagasse (Sugarcane),Eco,62,12.46,0.374,2.49,Yes,0.0247649317971129,0.2570281124497992,5.353678954195806,0
282,Fire-Retardant Palm Leaf,Eco,575,17.24,0.543,1.88,Yes,0.0359555025824394,0.3404255319148936,7.287341008799737,0
283,Commercial-Grade Corrugated Cardboard,Paper,581,5.81,0.871,0.81,Yes,0.0576744802012978,0.7901234567901234,2.843734692976648,3
284,Industrial-Grade Cork Sheet,Wood,255,5.78,0.318,4.24,Yes,0.0210568136670639,0.1509433962264151,2.6509659747678054,5
285,Perforated Polyurethane Foam,Plastic,26,0.39,2.923,1.82,No,0.1935505231095219,0.3516483516483516,0.5034293485616489,4
286,Waterproof Hemp Composite,Eco,1218,50.31,1.107,3.5,Yes,0.0733015494636472,0.1828571428571428,20.45686667801805,0
287,UV-Stabilized Seaweed Film,Eco,1010,15.87,0.231,5.39,Yes,0.0152959872864521,0.1187384044526901,6.679032725149872,0
288,Perforated Kraft Paper,Paper,700,38.88,0.778,1.18,Yes,0.0515163554496093,0.5423728813559322,15.999256957771898,3
289,Laminated Steel Strap,Metal,8861,495.75,2.685,1.74,No,0.1777910210568136,0.367816091954023,198.6570075212692,2
290,Medical-Grade Tissue Paper,Paper,250,1.2,0.959,4.49,Yes,0.0635015229770891,0.1425389755011135,0.8037112357572073,3
291,Woven Jute Burlap,Eco,1443,39.34,0.555,1.57,Yes,0.0367500993245927,0.4076433121019108,16.147267963833198,0
292,Reinforced Styrofoam (EPS),Plastic,29,0.58,3.504,1.88,No,0.2320222487087803,0.3404255319148936,0.564520984961834,4
293,Fire-Retardant Steel Strap,Metal,8490,435.4,2.573,1.78,No,0.1703747847967156,0.3595505617977528,174.5167527331003,2
294,Fire-Retardant Teflon Coating,Plastic,2410,27.39,10.359,11.95,No,0.6859356376638855,0.0535564853556485,11.06628625430753,4
295,Laminated Acrylic Sheet,Plastic,1341,86.78,4.701,3.62,No,0.3112832737385776,0.1767955801104972,34.97165369191158,4
296,Fire-Retardant Aluminum Foil,Metal,2859,47.65,15.016,5.78,No,0.9943053900145676,0.1107266435986159,19.09492637607521,2
297,Recycled Corrugated Cardboard,Paper,610,5.49,0.549,0.73,Yes,0.036352800953516,0.8767123287671234,2.7481078583440826,3
298,Insulated ABS Plastic,Plastic,496,22.87,3.545,3.05,No,0.2347371209111375,0.2098360655737705,9.440529683398792,4
299,Laminated Tissue Paper,Paper,274,1.2,1.038,2.1,Yes,0.0687326181962654,0.3047619047619047,0.8508087859696918,3
300,Waterproof Kraft Paper,Paper,889,50.53,0.889,1.33,Yes,0.0588663753145278,0.4812030075187969,20.638700989661285,3
301,Industrial-Grade Balsa Wood,Wood,182,12.41,0.455,3.98,Yes,0.0301284598066481,0.1608040201005025,5.303202668088157,5
302,Waterproof ABS Plastic,Plastic,1153,40.3,3.435,2.42,No,0.2274533174413985,0.2644628099173554,16.43110284774279,4
303,Medical-Grade ABS Plastic,Plastic,1022,47.19,3.657,5.9,No,0.2421533571712356,0.1084745762711864,19.135896365729987,4
304,Food-Grade Palm Leaf,Eco,499,14.96,0.399,1.8,Yes,0.0264203416765991,0.3555555555555555,6.382740564163687,0
305,Laminated Polyurethane Foam,Plastic,32,0.58,3.779,2.31,No,0.250231757383128,0.277056277056277,0.5400473559019447,4
306,Heavy-Duty Bamboo Sheet,Wood,868,60.09,0.687,2.8,Yes,0.0454906634882797,0.2285714285714286,24.390924229524945,5
307,Food-Grade Hemp Composite,Eco,1116,50.74,1.015,4.41,Yes,0.0672096411071381,0.1451247165532879,20.619374522633848,0
308,Anti-Static Hardboard,Wood,937,31.22,0.801,2.62,Yes,0.0530393325387365,0.2442748091603053,12.84537064298647,5
309,Heavy-Duty PET Plastic,Plastic,1767,75.86,2.601,1.52,No,0.1722288438617401,0.4210526315789473,30.718647136315163,4
310,Food-Grade Hardboard,Wood,883,29.42,0.686,2.65,Yes,0.0454244470931002,0.2415094339622641,12.12682549606075,5
311,Double-Wall Teflon Coating,Plastic,3309,45.12,11.231,12.84,No,0.7436763342603628,0.0498442367601246,18.13985037074993,4
312,Double-Wall Bubble Wrap (LDPE),Plastic,1399,18.25,4.116,3.57,No,0.2725466825586015,0.1792717086834734,7.572017507837462,4
313,Double-Wall Hardboard,Wood,1315,52.62,0.955,2.81,Yes,0.0632366573963713,0.2277580071174377,21.397356404916323,5
314,Commercial-Grade Hardboard,Wood,928,30.92,0.722,1.95,Yes,0.0478082373195603,0.3282051282051282,12.752119067265673,5
315,Industrial-Grade Teflon Coating,Plastic,2513,31.15,9.138,9.14,No,0.6050854191497814,0.0700218818380744,12.599480938806488,4
316,Recycled Cotton Canvas,Eco,1525,36.6,0.915,2.01,Yes,0.0605880015891934,0.318407960199005,15.017345987582944,0
317,Commercial-Grade Aluminum Foil,Metal,2826,47.09,12.558,4.4,No,0.8315454906634883,0.1454545454545454,18.93017271643732,2
318,Commercial-Grade Kraft Paper,Paper,805,50.31,0.805,1.16,Yes,0.0533041981194543,0.5517241379310346,20.57352598194348,3
319,Food-Grade PVC Film,Plastic,1267,43.85,2.436,2.63,No,0.1613031386571315,0.2433460076045627,17.864612860684232,4
320,Recycled PVC Film,Plastic,1279,39.86,1.476,1.59,No,0.0977353992848629,0.4025157232704402,16.335434097195677,4
321,Industrial-Grade Hardboard,Wood,1006,36.58,0.782,2.01,Yes,0.0517812210303271,0.318407960199005,15.011988021750602,5
322,Laminated ABS Plastic,Plastic,1173,49.2,4.131,2.87,No,0.2735399284862932,0.2229965156794425,19.96483697615795,4
323,Double-Wall Mushroom Mycelium,Eco,232,1.48,0.722,5.77,Yes,0.0478082373195603,0.1109185441941074,0.9109330920623642,0
324,Waterproof Sheep Wool,Eco,1386,9.69,0.533,3.72,Yes,0.0352933386306449,0.1720430107526881,4.217024901636613,0
325,Medical-Grade Balsa Wood,Wood,156,11.7,0.468,10.24,Yes,0.0309892729439809,0.0625,4.989453218116806,5
326,Fire-Retardant Cornstarch Foam,Eco,44,0.55,1.565,3.01,Yes,0.1036286584558336,0.212624584717608,0.5526987778785324,0
327,Anti-Static PLA Bioplastic,Eco,1228,59.44,1.961,3.88,Yes,0.1298503509468944,0.1649484536082474,24.086529430798407,0
328,Fire-Retardant Bagasse (Sugarcane),Eco,129,21.45,0.38,2.19,Yes,0.0251622301681896,0.2922374429223744,8.960122563826255,0
329,Reinforced Hardboard,Wood,1101,45.89,0.785,2.39,Yes,0.0519798702158654,0.2677824267782426,18.72074076696872,5
330,Fire-Retardant ABS Plastic,Plastic,1107,42.58,3.9,2.9,No,0.258243941199841,0.2206896551724138,17.32073371419177,4
331,Perforated Steel Strap,Metal,7197,328.07,2.05,1.35,No,0.1357436101178651,0.474074074074074,131.62949913918686,2
332,Standard Wax Paper,Paper,918,15.3,1.122,1.22,Yes,0.0742947953913389,0.5245901639344263,6.555088610562927,3
333,Standard Styrofoam (EPS),Plastic,24,0.39,3.207,1.46,No,0.2123559793404847,0.4383561643835617,0.5238000555129232,4
334,Reinforced Corrugated Cardboard,Paper,705,8.82,0.97,1.02,Yes,0.064229903324063,0.6274509803921569,3.9969663231204287,3
335,Reinforced ABS Plastic,Plastic,1225,58.91,3.348,2.55,No,0.2216924910607866,0.2509803921568627,23.87278637032882,4
336,Commercial-Grade Teflon Coating,Plastic,2112,24.0,7.681,8.06,No,0.508608131373328,0.0794044665012407,9.771238900538377,4
337,Insulated Borosilicate Glass,Glass,1150,37.14,1.362,4.95,No,0.090186730234406,0.1292929292929293,15.16773185971756,1
338,Heavy-Duty PLA Bioplastic,Eco,1690,88.07,2.265,4.11,Yes,0.1499801350814461,0.1557177615571776,35.52972128794272,0
339,Single-Ply Bamboo Sheet,Wood,636,31.82,0.545,1.7,Yes,0.0360879353727983,0.3764705882352941,13.13011479585875,5
340,Commercial-Grade Wax Paper,Paper,890,14.84,1.088,1.25,Yes,0.0720434379552377,0.512,6.367986968613429,3
341,Laminated Hardboard,Wood,972,35.35,0.894,2.47,Yes,0.0591974572904251,0.2591093117408907,14.49997355633514,5
342,Anti-Static Tissue Paper,Paper,253,1.01,0.891,2.13,Yes,0.0589988081048867,0.3004694835680751,0.7764412026389564,3
343,Fire-Retardant Corrugated Cardboard,Paper,658,6.58,1.167,1.2,Yes,0.0772745331744139,0.5333333333333333,3.068817640047676,3
344,Reinforced Wax Paper,Paper,1120,23.34,1.255,1.62,Yes,0.0831015759502052,0.3950617283950617,9.729588045733458,3
345,Lightweight Borosilicate Glass,Glass,1739,46.8,0.965,2.63,No,0.0638988213481658,0.2433460076045627,19.07383415587692,1
346,Industrial-Grade Polycarbonate,Plastic,1321,78.03,4.182,3.08,No,0.276916964640445,0.2077922077922077,31.49126257294553,4
347,Standard Acrylic Sheet,Plastic,1172,69.51,3.475,2.48,No,0.2301019732485763,0.2580645161290322,28.11238876286414,4
348,Anti-Static Mushroom Mycelium,Eco,151,0.81,0.554,4.93,Yes,0.0366838829294133,0.1298174442190669,0.6519400683868961,0
349,Woven Wax Paper,Paper,981,19.32,1.199,1.55,Yes,0.0793934578201562,0.4129032258064516,8.128052930395889,3
350,Industrial-Grade Tissue Paper,Paper,280,1.22,0.897,1.68,Yes,0.0593961064759634,0.380952380952381,0.8844668823429253,3
351,Anti-Static Nylon Fabric,Plastic,1095,57.11,5.235,4.0,No,0.346642828764402,0.16,23.08800715137068,4
352,Anti-Static Steel Strap,Metal,7792,399.61,2.198,1.68,No,0.1455436366044232,0.380952380952381,160.21462262330442,2
353,Waterproof Glass Jar,Glass,2670,48.54,0.854,1.75,No,0.0565488014832472,0.3657142857142857,19.808749645269312,1
354,Single-Ply Tissue Paper,Paper,233,0.72,0.745,1.24,Yes,0.0493312144086875,0.5161290322580645,0.7280393453548131,3
355,Single-Ply Molded Pulp,Paper,280,1.45,0.653,0.83,Yes,0.0432393060521785,0.7710843373493976,1.0983535093891656,3
356,Recycled Molded Pulp,Paper,285,1.71,0.399,0.86,Yes,0.0264203416765991,0.7441860465116279,1.1993297114505086,3
357,Medical-Grade Acrylic Sheet,Plastic,1185,84.38,4.219,7.53,No,0.2793669712620845,0.0849933598937583,33.9936879165895,4
358,Insulated Glass Jar,Glass,1206,28.94,0.926,2.31,No,0.0613163819361674,0.277056277056277,11.940721968536034,1
359,Double-Wall Nylon Fabric,Plastic,1789,112.01,7.26,4.98,No,0.4807310290027811,0.1285140562248996,44.99833490816663,4
360,Industrial-Grade Nylon Fabric,Plastic,1229,69.97,5.345,3.21,No,0.3539266322341411,0.1993769470404984,28.241635094441907,4
361,Double-Wall Jute Burlap,Eco,1917,53.09,0.688,1.89,Yes,0.0455568798834591,0.3386243386243386,21.62392023762227,0
362,Single-Ply PLA Bioplastic,Eco,1165,43.83,1.69,2.34,Yes,0.1119057078532644,0.2735042735042735,17.880479569695304,0
363,UV-Stabilized Cork Sheet,Wood,238,5.45,0.357,5.55,Yes,0.0236392530790623,0.1153153153153153,2.507502818670876,5
364,Laminated Glass Jar,Glass,2843,62.04,1.075,2.17,No,0.0711826248179049,0.2949308755760368,25.183124475227444,1
365,Perforated Balsa Wood,Wood,143,7.93,0.396,3.82,Yes,0.0262216924910607,0.1675392670157068,3.514395272357394,5
366,Heavy-Duty Polycarbonate,Plastic,1571,91.61,4.591,3.95,No,0.3039994702688385,0.1620253164556962,36.901407753856056,4
367,Commercial-Grade Bagasse (Sugarcane),Eco,123,20.43,0.306,1.61,Yes,0.0202622169249106,0.3975155279503105,8.58517599330762,0
368,Laminated Cornstarch Foam,Eco,42,0.57,1.488,2.67,Yes,0.0985299960270162,0.2397003745318352,0.5703511135514456,0
369,Lightweight Teflon Coating,Plastic,1700,19.31,6.953,6.95,No,0.460402595682691,0.0920863309352518,7.913505120575769,4
370,Double-Wall Balsa Wood,Wood,249,18.66,0.581,5.81,Yes,0.0384717255992583,0.1101549053356282,7.785504953920912,5
371,Laminated Corrugated Cardboard,Paper,656,7.16,1.163,1.11,Yes,0.0770096675936962,0.5765765765765766,3.3138700726948644,3
372,Double-Wall Borosilicate Glass,Glass,3284,106.02,1.512,4.71,No,0.100119189511323,0.1358811040339702,42.7187285743568,1
373,Recycled Cork Sheet,Wood,249,4.67,0.187,3.74,Yes,0.0123824658985564,0.1711229946524064,2.215622158626155,5
374,Woven Nylon Fabric,Plastic,1303,80.32,5.664,4.02,No,0.3750496622963845,0.1592039800995025,32.363246295340936,4
375,Reinforced Steel Strap,Metal,9125,584.93,2.145,1.52,No,0.1420341676599125,0.4210526315789473,234.3557055391757,2
376,Commercial-Grade Palm Leaf,Eco,498,14.93,0.398,1.25,Yes,0.0263541252814196,0.512,6.417693762415574,0
377,Food-Grade Balsa Wood,Wood,167,10.47,0.419,5.5,Yes,0.027744669580188,0.1163636363636363,4.514585690035035,5
378,Reinforced Borosilicate Glass,Glass,2781,93.53,1.257,4.05,No,0.0832340087405641,0.1580246913580247,37.73443720478524,1
379,Lightweight Pine Wood Crate,Wood,403,28.18,0.453,1.81,Yes,0.0299960270162892,0.3535911602209944,11.669078539961411,5
380,Fire-Retardant Borosilicate Glass,Glass,2496,67.16,1.455,4.58,No,0.0963448549860945,0.1397379912663755,27.177017940884085,1
381,Fire-Retardant Molded Pulp,Paper,318,2.12,0.878,1.45,Yes,0.0581379949675539,0.4413793103448276,1.262972394613182,3
382,Fire-Retardant Jute Burlap,Eco,1480,34.15,0.673,1.86,Yes,0.0445636339557674,0.3440860215053763,14.049856716264884,0
383,Double-Wall Cork Sheet,Wood,374,9.34,0.436,6.64,Yes,0.0288703482982386,0.0963855421686747,4.056254558161131,5
384,UV-Stabilized Molded Pulp,Paper,298,2.18,0.833,1.39,Yes,0.0551582571844788,0.460431654676259,1.293582019247534,3
385,Medical-Grade Polyurethane Foam,Plastic,30,0.59,3.546,5.02,No,0.234803337306317,0.1274900398406374,0.5038060107602962,4
386,Anti-Static Polycarbonate,Plastic,1236,66.95,4.306,4.04,No,0.2851277976426963,0.1584158415841584,27.04198641318244,4
387,Perforated Pine Wood Crate,Wood,436,27.16,0.485,2.13,Yes,0.0321149516620315,0.3004694835680751,11.244506359571814,5
388,Double-Wall PLA Bioplastic,Eco,1917,111.28,2.597,4.62,Yes,0.1719639782810224,0.1385281385281385,44.80196924807414,0
389,Perforated PVC Film,Plastic,1185,36.46,2.532,2.01,No,0.1676599125943583,0.318407960199005,14.929224414281396,4
390,UV-Stabilized HDPE Container,Plastic,976,28.25,2.342,1.87,No,0.1550787975102635,0.3422459893048128,11.656150157538368,4
391,Waterproof Wax Paper,Paper,1035,15.68,1.265,1.51,Yes,0.0837637399019997,0.423841059602649,6.674023195910195,3
392,Fire-Retardant Plywood,Wood,741,45.57,0.808,3.88,Yes,0.0535028473049927,0.1649484536082474,18.56143368189098,5
393,Lightweight Bamboo Sheet,Wood,576,37.0,0.555,1.94,Yes,0.0367500993245927,0.3298969072164948,15.18794404236757,5
394,Commercial-Grade Borosilicate Glass,Glass,2174,58.5,1.073,3.07,No,0.071050192027546,0.2084690553745928,23.741225659004115,1
395,Medical-Grade Recycled Denim,Eco,291,5.82,0.699,4.66,Yes,0.046285260230433,0.1373390557939914,2.655316138669068,0
396,Woven ABS Plastic,Plastic,1184,53.82,3.529,2.69,No,0.2336776585882664,0.2379182156133829,21.829272167107536,4
397,Medical-Grade Styrofoam (EPS),Plastic,25,0.48,3.942,4.48,No,0.2610250297973778,0.1428571428571428,0.4565496339179294,4
398,Perforated Polycarbonate,Plastic,1062,51.15,3.738,3.03,No,0.2475168851807707,0.2112211221122112,20.749111271079432,4
399,Industrial-Grade Cotton Canvas,Eco,1683,48.97,1.683,2.47,Yes,0.1114421930870083,0.2591093117408907,19.932300135596165,0
400,Commercial-Grade Tissue Paper,Paper,241,0.96,0.772,1.52,Yes,0.0511190570785326,0.4210526315789473,0.7949800723501244,3
401,Heavy-Duty Glass Jar,Glass,3390,73.01,1.001,2.19,No,0.0662826115746258,0.2922374429223744,29.57178644940433,1
402,UV-Stabilized ABS Plastic,Plastic,1059,44.79,3.787,2.85,No,0.2507614885445636,0.2245614035087719,18.208139974489264,4
403,Standard Seaweed Film,Eco,1045,14.93,0.199,3.98,Yes,0.0131770626407098,0.1608040201005025,6.316288087237939,0
404,Woven Cotton Canvas,Eco,1703,53.69,1.703,2.95,Yes,0.1127665209905972,0.2169491525423728,21.80725478946553,0
405,Recycled Pine Wood Crate,Wood,484,30.47,0.29,1.74,Yes,0.0192027546020394,0.367816091954023,12.592584001205596,5
406,Waterproof Mushroom Mycelium,Eco,170,0.82,0.567,4.33,Yes,0.0375446960667461,0.1478060046189376,0.6610783925656574,0
407,Anti-Static Hemp Composite,Eco,1149,52.23,1.149,4.24,Yes,0.0760826380611839,0.1509433962264151,21.21445822744957,0
408,Lightweight PLA Bioplastic,Eco,999,48.34,1.631,2.54,Yes,0.1079989405376771,0.2519685039370078,19.6791908690198,0
409,Woven Acrylic Sheet,Plastic,1282,89.9,3.803,3.21,No,0.2518209508674348,0.1993769470404984,36.24426679885192,4
410,Laminated Balsa Wood,Wood,184,12.53,0.543,5.12,Yes,0.0359555025824394,0.125,5.3387133492252685,5
411,Anti-Static Teflon Coating,Plastic,2283,25.94,9.132,11.62,No,0.6046881207787048,0.0550774526678141,10.511116799566734,4
412,Insulated PVC Film,Plastic,665,27.64,3.071,2.95,No,0.20335054959608,0.2169491525423728,11.36007958088389,4
413,Laminated Sheep Wool,Eco,1395,11.7,0.634,4.37,Yes,0.041981194543769,0.1464530892448512,5.011341568410325,0
414,Perforated Tissue Paper,Paper,231,0.82,0.822,1.7,Yes,0.0544298768375049,0.3764705882352941,0.7246122134193367,3
415,Perforated Palm Leaf,Eco,468,12.49,0.416,1.37,Yes,0.0275460203946497,0.4671532846715328,5.427882179283065,0
416,Food-Grade Molded Pulp,Paper,308,2.06,0.72,1.54,Yes,0.0476758045292014,0.4155844155844155,1.2343725833165644,3
417,Lightweight Steel Strap,Metal,6082,311.88,1.754,1.05,No,0.116143557144749,0.6095238095238095,125.20001407571372,2
418,Recycled Wax Paper,Paper,927,13.9,0.68,1.11,Yes,0.0450271487220235,0.5765765765765766,6.019464828356367,3
419,Perforated Nylon Fabric,Plastic,1064,49.35,5.141,3.39,No,0.340418487617534,0.1887905604719764,19.994511621856333,4
420,Double-Wall Sheep Wool,Eco,1871,17.27,0.672,4.91,Yes,0.044497417560588,0.130346232179226,7.233754644385591,0
421,Waterproof Recycled Denim,Eco,316,4.79,0.632,1.84,Yes,0.0418487617534101,0.3478260869565217,2.3077931975609336,0
422,Insulated Nylon Fabric,Plastic,599,37.5,6.25,5.0,No,0.4138524698715402,0.128,15.214244259038535,4
423,Single-Ply Cornstarch Foam,Eco,36,0.35,1.091,1.62,Yes,0.072242087140776,0.3950617283950617,0.5368458923762857,0
424,Heavy-Duty Tissue Paper,Paper,335,1.44,0.99,2.17,Yes,0.0655542312276519,0.2949308755760368,0.9448129933045152,3
425,Insulated Pine Wood Crate,Wood,241,20.23,0.578,3.08,Yes,0.03827307641372,0.2077922077922077,8.442855739413545,5
426,Anti-Static Kraft Paper,Paper,795,49.66,0.874,1.53,Yes,0.0578731293868361,0.4183006535947712,20.27212825726238,3
427,Waterproof Cotton Canvas,Eco,1678,40.69,1.678,2.69,Yes,0.1111111111111111,0.2379182156133829,16.61404213135068,0
428,Standard Aluminum Foil,Metal,2753,45.89,12.236,4.08,No,0.8102238114157065,0.1568627450980392,18.4599916801047,2
429,Perforated Jute Burlap,Eco,1216,24.94,0.52,1.37,Yes,0.0344325254933121,0.4671532846715328,10.405816227753467,0
430,Recycled Bamboo Sheet,Wood,678,39.23,0.349,1.83,Yes,0.0231095219176268,0.3497267759562841,16.0899851762116,5
431,Standard Tissue Paper,Paper,247,0.99,0.79,1.48,Yes,0.0523109521917626,0.4324324324324324,0.810036444072201,3
432,Lightweight Nylon Fabric,Plastic,942,49.13,4.606,2.76,No,0.3049927161965302,0.2318840579710145,19.930067402532345,4
433,Standard Molded Pulp,Paper,296,1.97,0.691,0.99,Yes,0.0457555290689974,0.6464646464646465,1.2682127352186947,3
434,Single-Ply Polypropylene (PP),Plastic,849,25.55,1.971,1.17,No,0.1305125148986889,0.5470085470085471,10.644948809632956,4
435,Commercial-Grade Acrylic Sheet,Plastic,1209,71.72,3.586,2.69,No,0.2374519931134948,0.2379182156133829,28.988139866749968,4
436,Heavy-Duty Polyurethane Foam,Plastic,40,0.72,3.69,2.44,No,0.2443384982121573,0.2622950819672131,0.5933869751265167,4
437,Insulated Kraft Paper,Paper,394,29.55,0.946,1.73,Yes,0.0626407098397563,0.3699421965317919,12.212190446007613,3
438,Lightweight Glass Jar,Glass,2029,40.59,0.731,1.37,No,0.0484041848761753,0.4671532846715328,16.66162472993861,1
439,Commercial-Grade Tin Plate,Metal,8110,206.63,8.265,1.95,No,0.5472785061581248,0.3282051282051282,82.8862779866141,2
440,Medical-Grade PVC Film,Plastic,1248,51.82,2.879,5.18,No,0.1906370017216262,0.1235521235521235,21.007874536549156,4
441,Recycled HDPE Container,Plastic,987,23.37,1.184,1.22,No,0.0784002118924645,0.5245901639344263,9.781856985612588,4
442,Standard Hemp Composite,Eco,1152,52.35,1.047,3.04,Yes,0.0693285657528804,0.2105263157894736,21.28235932501098,0
443,Perforated Tin Plate,Metal,7044,159.52,7.976,1.97,No,0.5281419679512647,0.3248730964467005,64.04701933854864,2
444,Heavy-Duty Polypropylene (PP),Plastic,1176,48.96,2.518,1.96,No,0.166732883061846,0.326530612244898,19.93193931875492,4
445,Heavy-Duty Wax Paper,Paper,1133,20.34,1.278,1.63,Yes,0.0846245530393325,0.3926380368098159,8.528404045131145,3
446,Anti-Static Recycled Denim,Eco,308,5.13,0.677,2.3,Yes,0.0448284995364852,0.2782608695652174,2.4220297110086197,0
447,Laminated Bagasse (Sugarcane),Eco,138,25.14,0.409,2.2,Yes,0.0270825056283935,0.2909090909090909,10.435147975584211,0
448,Reinforced Cork Sheet,Wood,293,7.62,0.335,5.28,Yes,0.0221824923851145,0.1212121212121212,3.377708888648102,5
449,Recycled Mushroom Mycelium,Eco,155,0.74,0.309,3.25,Yes,0.0204608661104489,0.1969230769230769,0.6489386632437883,0
450,UV-Stabilized Pine Wood Crate,Wood,518,39.92,0.622,2.9,Yes,0.0411865978016156,0.2206896551724138,16.321850917211243,5
451,Anti-Static Borosilicate Glass,Glass,2224,59.83,1.207,4.19,No,0.0799231889815918,0.152744630071599,24.253846432327,1
452,UV-Stabilized Palm Leaf,Eco,491,16.2,0.471,1.65,Yes,0.0311879221295192,0.3878787878787879,6.887007259724781,0
453,Insulated Mushroom Mycelium,Eco,72,0.46,0.573,5.35,Yes,0.0379419944378228,0.119626168224299,0.508505252135943,0
454,Commercial-Grade Polycarbonate,Plastic,1161,62.88,3.676,2.84,No,0.243411468679645,0.2253521126760563,25.446582193198925,4
455,Standard ABS Plastic,Plastic,995,38.28,2.966,1.91,No,0.1963978281022381,0.3350785340314136,15.653604211778754,4
456,Medical-Grade HDPE Container,Plastic,930,29.38,2.233,3.82,No,0.1478612104357038,0.1675392670157068,12.057903416974002,4
457,Industrial-Grade Tin Plate,Metal,9058,251.75,9.231,2.08,No,0.61124354390147,0.3076923076923077,100.90893462913726,2
458,Industrial-Grade Molded Pulp,Paper,335,2.44,0.782,1.12,Yes,0.0517812210303271,0.5714285714285714,1.4318942051194732,3
459,Anti-Static Palm Leaf,Eco,512,15.36,0.451,1.72,Yes,0.0298635942259303,0.3720930232558139,6.546668828708965,0
460,Food-Grade PET Plastic,Plastic,1388,55.32,2.213,1.66,No,0.1465368825321149,0.3855421686746988,22.49970158584277,4
461,Single-Ply Cork Sheet,Wood,220,3.57,0.275,3.27,Yes,0.0182095086743477,0.1957186544342507,1.7812527437279708,5
462,Perforated Plywood,Wood,560,30.61,0.574,2.63,Yes,0.0380082108330022,0.2433460076045627,12.605601339031468,5
463,Food-Grade Styrofoam (EPS),Plastic,26,0.42,3.436,2.34,No,0.2275195338365779,0.2735042735042735,0.4817954219003086,4
464,Fire-Retardant Tissue Paper,Paper,269,1.08,1.019,2.2,Yes,0.0674745066878559,0.2909090909090909,0.7990303752663706,3
465,Commercial-Grade Glass Jar,Glass,2390,47.8,0.765,1.51,No,0.0506555423122765,0.423841059602649,19.531955655187115,1
466,Single-Ply Sheep Wool,Eco,1129,6.76,0.434,2.47,Yes,0.0287379155078797,0.2591093117408907,3.073111418869904,0
467,Waterproof Bamboo Sheet,Wood,761,44.49,0.653,2.49,Yes,0.0432393060521785,0.2570281124497992,18.160136641919287,5
468,Food-Grade Teflon Coating,Plastic,2118,24.06,7.701,11.55,No,0.5099324592769169,0.0554112554112554,9.787643638840304,4
469,Standard Sheep Wool,Eco,1349,10.38,0.519,3.32,Yes,0.0343663090981327,0.1927710843373494,4.499521432571765,0
470,Single-Ply Mushroom Mycelium,Eco,138,0.57,0.46,2.86,Yes,0.0304595417825453,0.2237762237762238,0.5859950045981035,0
471,Heavy-Duty Kraft Paper,Paper,1027,69.12,0.948,1.52,Yes,0.0627731426301152,0.4210526315789473,28.05548384668465,3
472,Food-Grade Kraft Paper,Paper,768,48.0,0.768,1.58,Yes,0.0508541914978148,0.4050632911392405,19.606262729892432,3
473,Perforated Teflon Coating,Plastic,1944,19.64,7.855,8.64,No,0.5201297841345517,0.074074074074074,8.022183286981857,4
474,Anti-Static Cork Sheet,Wood,234,4.89,0.322,5.47,Yes,0.0213216792477817,0.1170018281535649,2.284704044671735,5
475,Industrial-Grade Acrylic Sheet,Plastic,1343,86.89,3.983,2.84,No,0.2637399019997351,0.2253521126760563,35.0444836632029,4
476,Anti-Static ABS Plastic,Plastic,1000,38.48,3.28,2.69,No,0.2171897761885843,0.2379182156133829,15.69821853182744,4
477,Anti-Static Acrylic Sheet,Plastic,1183,70.16,3.859,3.51,No,0.2555290689974838,0.1823361823361823,28.34204213400161,4
478,Lightweight Balsa Wood,Wood,127,7.96,0.358,3.14,Yes,0.0237054694742418,0.2038216560509554,3.5380348559730144,5
479,Anti-Static Glass Jar,Glass,2474,49.49,0.871,2.08,No,0.0576744802012978,0.3076923076923077,20.171005348247306,1
480,Industrial-Grade Borosilicate Glass,Glass,2363,69.35,1.165,3.18,No,0.0771421003840551,0.2012578616352201,28.07723472837535,1
481,Medical-Grade Cork Sheet,Wood,237,5.93,0.356,11.87,Yes,0.0235730366838829,0.0539174389216512,2.6811033206713306,5
482,Standard Mushroom Mycelium,Eco,155,0.83,0.518,3.63,Yes,0.0343000927029532,0.1763085399449036,0.6746025341725852,0
483,Fire-Retardant PET Plastic,Plastic,1450,57.78,2.732,1.58,No,0.1809031916302476,0.4050632911392405,23.4792480298527,4
484,Double-Wall Kraft Paper,Paper,1158,86.84,1.081,1.7,Yes,0.0715799231889815,0.3764705882352941,35.127467199513895,3
485,Laminated Palm Leaf,Eco,546,17.86,0.516,1.67,Yes,0.0341676599125943,0.3832335329341317,7.548719761906462,0
486,Recycled ABS Plastic,Plastic,1053,36.46,1.884,1.82,No,0.124751688518077,0.3516483516483516,14.952068998939083,4
487,Recycled Styrofoam (EPS),Plastic,25,0.35,1.952,1.33,No,0.1292544033902794,0.4812030075187969,0.5455845812385551,4
488,Industrial-Grade Cornstarch Foam,Eco,45,0.62,1.363,2.27,Yes,0.0902529466295854,0.2819383259911894,0.6055056138084811,0
489,Anti-Static Jute Burlap,Eco,1361,31.4,0.576,1.76,Yes,0.0381406436233611,0.3636363636363636,12.957648716003902,0
490,Double-Wall Hemp Composite,Eco,1726,94.12,1.464,4.85,Yes,0.0969408025427095,0.1319587628865979,37.95850538810317,0
491,UV-Stabilized Cotton Canvas,Eco,1523,44.68,1.828,3.13,Yes,0.121043570388028,0.2044728434504792,18.197028781918736,0
492,Recycled Aluminum Foil,Metal,2713,40.69,7.235,3.62,No,0.4790756191232949,0.1767955801104972,16.48531598829616,2
493,Laminated Pine Wood Crate,Wood,550,41.98,0.65,2.8,Yes,0.0430406568666401,0.2285714285714286,17.147659231511433,5
494,Industrial-Grade Bagasse (Sugarcane),Eco,128,23.26,0.32,1.6,Yes,0.0211892464574228,0.3999999999999999,9.717643226062773,0
495,Perforated Bagasse (Sugarcane),Eco,103,15.22,0.285,1.57,Yes,0.0188716726261422,0.4076433121019108,6.504631491842732,0
496,Insulated Seaweed Film,Eco,524,8.99,0.24,6.39,Yes,0.0158919348430671,0.1001564945226917,3.921279367903887,0
497,Laminated Jute Burlap,Eco,1403,35.31,0.638,1.65,Yes,0.0422460601244868,0.3878787878787879,14.527689818326293,0
498,Food-Grade Cork Sheet,Wood,243,5.06,0.304,6.07,Yes,0.0201297841345517,0.1054365733113673,2.3495920367530445,5
499,Waterproof Polypropylene (PP),Plastic,1026,36.08,2.381,1.73,No,0.1576612369222619,0.3699421965317919,14.795684287882858,4
500,Standard PET Plastic,Plastic,1377,54.9,2.196,1.1,No,0.1454112038140643,0.5818181818181818,22.39092209340124,4
501,Perforated PET Plastic,Plastic,1181,41.82,2.091,1.15,No,0.1384584823202225,0.5565217391304348,17.153418977043067,4
502,Anti-Static Corrugated Cardboard,Paper,607,6.07,1.002,1.13,Yes,0.0663488279698053,0.5663716814159293,2.8780068560338377,3
503,Recycled PET Plastic,Plastic,1360,48.77,1.3,0.98,No,0.0860813137332803,0.653061224489796,19.978093973226954,4
504,Lightweight Bubble Wrap (LDPE),Plastic,759,8.25,2.691,2.04,No,0.1781883194278903,0.3137254901960784,3.6406611512304567,4
505,Reinforced Tissue Paper,Paper,295,1.48,0.866,1.92,Yes,0.0573433982254006,0.3333333333333333,0.9747969805323796,3
506,Reinforced Polyurethane Foam,Plastic,36,0.76,3.337,2.23,No,0.2209641107138127,0.2869955156950672,0.6238094214943763,4
507,Double-Wall PET Plastic,Plastic,2124,101.6,3.161,1.81,No,0.2093100251622301,0.3535911602209944,40.98328434051764,4
508,Fire-Retardant Polyurethane Foam,Plastic,34,0.57,4.018,2.63,No,0.2660574758310157,0.2433460076045627,0.521186559532064,4
509,Food-Grade Tin Plate,Metal,7960,202.79,8.112,2.74,No,0.5371473976956694,0.2335766423357664,81.32492877339203,2
510,Reinforced Bamboo Sheet,Wood,855,68.68,0.672,2.78,Yes,0.044497417560588,0.2302158273381295,27.827715522933268,5
511,Commercial-Grade Styrofoam (EPS),Plastic,25,0.4,3.308,1.58,No,0.2190438352536087,0.4050632911392405,0.5158058367656895,4
512,Recycled PLA Bioplastic,Eco,1264,55.07,1.101,2.57,Yes,0.0729042510925705,0.2490272373540856,22.380836895878456,0
513,Insulated HDPE Container,Plastic,489,15.46,2.35,2.14,No,0.1556085286716991,0.2990654205607476,6.527037067566716,4
514,Heavy-Duty Borosilicate Glass,Glass,2983,86.44,1.358,4.32,No,0.0899218646536882,0.1481481481481481,34.89346788504834,1
515,Insulated Polyurethane Foam,Plastic,15,0.3,3.625,2.74,No,0.2400344325254933,0.2335766423357664,0.4180626629430819,4
516,Commercial-Grade PET Plastic,Plastic,1311,52.25,2.09,1.1,No,0.138392265925043,0.5818181818181818,21.333027774767945,4
517,UV-Stabilized Corrugated Cardboard,Paper,575,6.33,1.035,1.07,Yes,0.068533969010727,0.5981308411214953,2.9908790616332306,3
518,Heavy-Duty Pine Wood Crate,Wood,624,47.05,0.576,2.69,Yes,0.0381406436233611,0.2379182156133829,19.179933271597005,5
519,Medical-Grade Cornstarch Foam,Eco,40,0.59,1.426,5.94,Yes,0.0944245795258906,0.1077441077441077,0.5399958584654652,0
520,Single-Ply Recycled Denim,Eco,265,3.43,0.529,1.25,Yes,0.0350284730499271,0.512,1.815091458085022,0
521,Perforated Mushroom Mycelium,Eco,135,0.64,0.502,3.86,Yes,0.0332406303800821,0.1658031088082901,0.5957687435284624,0
522,Reinforced Kraft Paper,Paper,922,72.04,0.845,1.37,Yes,0.0559528539266322,0.4671532846715328,29.239360129223478,3
523,Fire-Retardant Seaweed Film,Eco,1192,17.04,0.268,6.19,Yes,0.0177459939080916,0.1033925686591276,7.14169397242531,0
524,Fire-Retardant Pine Wood Crate,Wood,567,39.67,0.67,3.09,Yes,0.0443649847702291,0.2071197411003236,16.21682642689903,5
525,Waterproof Teflon Coating,Plastic,2440,25.21,8.874,9.68,No,0.5876042908224076,0.0661157024793388,10.22755342349708,4
526,Commercial-Grade Sheep Wool,Eco,1341,10.31,0.516,3.47,Yes,0.0341676599125943,0.1844380403458213,4.469081114129969,0
527,Anti-Static Aluminum Foil,Metal,2619,43.65,12.803,5.43,No,0.8477685074824527,0.1178637200736648,17.541028563777367,2
528,Woven Kraft Paper,Paper,880,65.02,0.88,1.43,Yes,0.0582704277579128,0.4475524475524476,26.42478460593836,3
529,UV-Stabilized Styrofoam (EPS),Plastic,26,0.46,4.144,2.2,No,0.274400741623626,0.2909090909090909,0.4889525047856394,4
530,Recycled Kraft Paper,Paper,801,45.05,0.481,0.99,Yes,0.0318500860813137,0.6464646464646465,18.504384368115,3
531,Medical-Grade Polycarbonate,Plastic,1142,74.24,4.34,8.0,No,0.2873791550787975,0.08,29.93378625347636,4
532,Single-Ply Acrylic Sheet,Plastic,1070,49.38,3.174,2.02,No,0.2101708382995629,0.3168316831683168,20.083998253460628,4
533,Perforated PLA Bioplastic,Eco,1108,47.65,1.787,3.06,Yes,0.1183286981856707,0.2091503267973856,19.387246488583514,0
534,Double-Wall Cotton Canvas,Eco,2338,74.82,2.182,3.66,Yes,0.1444841742815521,0.174863387978142,30.23711376410897,0
535,Laminated Tin Plate,Metal,8415,233.88,10.135,2.46,No,0.6711031651436895,0.2601626016260163,93.7287178309447,2
536,Medical-Grade Polypropylene (PP),Plastic,899,41.71,2.503,4.17,No,0.1657396371341544,0.1534772182254196,16.98032127432738,4
537,Heavy-Duty Molded Pulp,Paper,389,2.79,0.838,1.4,Yes,0.0554893391603761,0.4571428571428572,1.5364960553947444,3
538,Commercial-Grade Hemp Composite,Eco,1104,50.19,1.004,3.06,Yes,0.0664812607601642,0.2091503267973856,20.418800719811166,0
539,Reinforced Bubble Wrap (LDPE),Plastic,1122,15.25,3.242,2.91,No,0.2146735531717653,0.2199312714776632,6.401577315491769,4
540,Commercial-Grade Steel Strap,Metal,8043,412.48,2.062,1.3,No,0.1365382068600185,0.4923076923076923,165.3987308456343,2
541,Medical-Grade Pine Wood Crate,Wood,491,41.2,0.589,5.89,Yes,0.0390014567606939,0.1086587436332767,16.800897186061775,5
542,Fire-Retardant HDPE Container,Plastic,1058,27.84,2.5,1.97,No,0.165540987948616,0.3248730964467005,11.483799632549426,4
543,Standard Balsa Wood,Wood,166,10.37,0.415,3.63,Yes,0.0274798039994702,0.1763085399449036,4.49264862078363,5
544,Waterproof Steel Strap,Metal,8472,394.96,2.172,1.42,No,0.1438220103297576,0.4507042253521127,158.3760646645067,2
545,Reinforced Mushroom Mycelium,Eco,178,1.18,0.542,4.49,Yes,0.0358892861872599,0.1425389755011135,0.8039949067941561,0
546,Recycled Nylon Fabric,Plastic,1202,56.44,3.135,2.82,No,0.2075883988875645,0.2269503546099291,22.88180858671671,4
547,Single-Ply Bubble Wrap (LDPE),Plastic,866,7.32,2.729,1.84,No,0.1807045424447093,0.3478260869565217,3.278136463353544,4
548,UV-Stabilized Glass Jar,Glass,2529,55.63,0.971,2.12,No,0.0642961197192424,0.3018867924528302,22.62327720182008,1
549,Single-Ply Hemp Composite,Eco,1036,36.64,0.942,2.43,Yes,0.0623758442590385,0.2633744855967078,15.0162995924013,0
550,Laminated Kraft Paper,Paper,868,59.17,1.026,1.52,Yes,0.067938021454112,0.4210526315789473,24.073934383037454,3
551,Perforated Sheep Wool,Eco,1185,8.1,0.506,3.56,Yes,0.0335054959607998,0.1797752808988764,3.583880935481423,0
552,Reinforced Palm Leaf,Eco,622,23.32,0.456,1.62,Yes,0.0301946762018275,0.3950617283950617,9.73746011565797,0
553,UV-Stabilized Recycled Denim,Eco,287,5.27,0.69,2.15,Yes,0.045689312673818,0.2976744186046511,2.4835955317792497,0
554,Heavy-Duty Balsa Wood,Wood,206,13.88,0.476,4.86,Yes,0.0315190041054165,0.1316872427983539,5.882050471607882,5
555,Insulated Tissue Paper,Paper,127,0.61,0.973,2.43,Yes,0.0644285525096013,0.2633744855967078,0.6036837799261319,3
556,Recycled Jute Burlap,Eco,1341,27.84,0.309,1.11,Yes,0.0204608661104489,0.5765765765765766,11.602834713139838,0
557,Commercial-Grade Cork Sheet,Wood,249,5.18,0.311,4.35,Yes,0.0205932989008078,0.1471264367816092,2.4099599413642405,5
558,Waterproof Corrugated Cardboard,Paper,663,6.03,0.995,0.97,Yes,0.0658853132035491,0.6597938144329897,2.890172550368833,3
559,Waterproof PET Plastic,Plastic,1587,57.52,2.531,1.38,No,0.1675936961991789,0.463768115942029,23.396852325922858,4
560,Standard PVC Film,Plastic,1292,44.73,2.485,1.79,No,0.1645477420209243,0.3575418994413408,18.249898247226128,4
561,Heavy-Duty HDPE Container,Plastic,1196,33.91,2.209,1.76,No,0.1462720169513971,0.3636363636363636,13.92920930400549,4
562,Perforated Bamboo Sheet,Wood,617,35.24,0.587,2.26,Yes,0.038869023970335,0.2831858407079646,14.46929504502129,5
563,Perforated Bubble Wrap (LDPE),Plastic,851,8.22,2.981,2.49,No,0.1973910740299298,0.2570281124497992,3.605891111525961,4
564,UV-Stabilized Sheep Wool,Eco,1263,10.69,0.583,4.35,Yes,0.0386041583896172,0.1471264367816092,4.608556683517597,0
565,Anti-Static HDPE Container,Plastic,939,24.7,2.065,1.8,No,0.1367368560455568,0.3555555555555555,10.245645609853002,4
566,Woven Teflon Coating,Plastic,2529,33.97,9.197,10.87,No,0.6089921864653688,0.0588776448942042,13.722965637528652,4
567,Insulated Hemp Composite,Eco,566,30.85,1.234,4.77,Yes,0.0817110316514369,0.1341719077568134,12.655738262831614,0
568,Heavy-Duty Cork Sheet,Wood,321,7.2,0.37,5.76,Yes,0.0245000662163951,0.1111111111111111,3.205983313468415,5
569,Laminated Polycarbonate,Plastic,1273,75.2,4.762,3.78,No,0.3153224738445239,0.1693121693121693,30.336196908640296,4
570,Industrial-Grade ABS Plastic,Plastic,1141,47.85,3.4,2.19,No,0.2251357436101178,0.2922374429223744,19.46013050979368,4
571,Woven Mushroom Mycelium,Eco,169,1.06,0.563,4.66,Yes,0.0372798304860283,0.1373390557939914,0.7540177675923889,0
572,Waterproof PVC Film,Plastic,1427,44.9,2.744,2.16,No,0.181697788372401,0.2962962962962963,18.29437955237717,4
573,Insulated Plywood,Wood,338,24.95,0.749,4.16,Yes,0.0495960799894053,0.1538461538461538,10.311275022157025,5
574,Standard Nylon Fabric,Plastic,1133,59.13,4.928,2.96,No,0.326314395444312,0.2162162162162162,23.918970546231574,4
575,Woven PLA Bioplastic,Eco,1311,74.97,1.903,3.5,Yes,0.1260098000264865,0.1828571428571428,30.305054202849195,0
576,Woven Cork Sheet,Wood,260,6.4,0.325,5.12,Yes,0.02152032843332,0.125,2.8910439014700047,5
577,Lightweight Polycarbonate,Plastic,989,53.58,3.524,2.6,No,0.2333465766123692,0.2461538461538461,21.735842180862445,4
578,Heavy-Duty Jute Burlap,Eco,1641,40.78,0.583,1.63,Yes,0.0386041583896172,0.3926380368098159,16.71821016352606,0
579,Lightweight Sheep Wool,Eco,1028,7.9,0.445,2.85,Yes,0.0294662958548536,0.2245614035087719,3.5185285322961755,0
580,Woven Bamboo Sheet,Wood,788,59.87,0.675,2.79,Yes,0.0446960667461263,0.2293906810035842,24.30340838427724,5
581,Lightweight Cork Sheet,Wood,193,4.02,0.271,3.62,Yes,0.0179446430936299,0.1767955801104972,1.95565528110506,5
582,UV-Stabilized Polycarbonate,Plastic,1193,71.06,4.532,3.9,No,0.3000927029532512,0.1641025641025641,28.6832029583448,4
583,Recycled Polycarbonate,Plastic,1208,58.89,2.295,2.54,No,0.1519666269368295,0.2519685039370078,23.88600056310005,4
584,Heavy-Duty Corrugated Cardboard,Paper,755,8.14,1.046,1.08,Yes,0.0692623493577009,0.5925925925925926,3.7129990729704674,3
585,UV-Stabilized Bubble Wrap (LDPE),Plastic,919,10.99,3.477,3.08,No,0.2302344060389352,0.2077922077922077,4.689267340525982,4
586,Commercial-Grade Nylon Fabric,Plastic,1150,60.01,5.001,3.15,No,0.3311481922924116,0.2031746031746031,24.265607923264657,4
587,Reinforced Molded Pulp,Paper,375,3.12,0.802,1.35,Yes,0.053105548933916,0.474074074074074,1.6742905575420477,3
588,Standard Borosilicate Glass,Glass,2245,60.41,1.108,3.02,No,0.0733677658588266,0.2119205298013245,24.50556582918275,1
589,Single-Ply ABS Plastic,Plastic,966,28.9,2.88,1.65,No,0.1907032181168057,0.3878787878787879,11.919152670928597,4
590,Lightweight Polyurethane Foam,Plastic,25,0.41,2.762,1.56,No,0.182889683485631,0.4102564102564102,0.5322100180312337,4
591,Industrial-Grade Palm Leaf,Eco,543,17.77,0.434,1.3,Yes,0.0287379155078797,0.4923076923076923,7.547070933039944,0
592,Standard Hardboard,Wood,905,30.18,0.704,1.81,Yes,0.0466163422063302,0.3535911602209944,12.4640924454044,5
593,UV-Stabilized Polypropylene (PP),Plastic,894,38.04,2.49,1.94,No,0.1648788239968216,0.3298969072164948,15.565505424965902,4
594,Standard Plywood,Wood,675,41.52,0.623,2.59,Yes,0.0412528141967951,0.2471042471042471,16.969755429872237,5
595,Medical-Grade PET Plastic,Plastic,1405,67.19,2.688,3.36,No,0.177989670242352,0.1904761904761905,27.179745956070157,4
596,Insulated Teflon Coating,Plastic,1084,14.78,9.459,12.61,No,0.6263408820023838,0.0507533703409992,6.0393237465015845,4
597,UV-Stabilized Nylon Fabric,Plastic,1112,63.84,5.804,4.06,No,0.3843199576215071,0.1576354679802956,25.76799465310764,4
598,Laminated Recycled Denim,Eco,326,5.93,0.771,2.21,Yes,0.0510528406833531,0.2895927601809955,2.7435619758492926,0
599,Double-Wall Bamboo Sheet,Wood,1004,77.42,0.803,3.21,Yes,0.0531717653290954,0.1993769470404984,31.311861554513424,5
600,Anti-Static Cornstarch Foam,Eco,41,0.52,1.369,2.9,Yes,0.0906502450006621,0.2206896551724138,0.5470118230515255,0
